<?xml version="1.0" encoding="UTF-8" standalone="yes"?>
<addon id="plugin.program.addon.aktivator"
       name="[COLOR blue]Kodi Addon Aktivator[/COLOR]"
	   version="1.0.0"
	   provider-name="Loki1979 | HSK-DE">
    <requires>
		<import addon="xbmc.python" version="2.7.11"/>
	</requires>
	<extension point="xbmc.python.pluginsource" library="aktivator.py">
		<provides>executable</provides>
	</extension>
	<extension point="xbmc.addon.metadata">
		<platform>all</platform>
		<summary>[COLOR blue]Kodi Addon Aktivator[/COLOR]</summary>
    <description>Die Kodi Version muss mindestens 17 sein !</description>
    </extension>
</addon>