<?xml version="1.0" encoding="UTF-8" standalone="yes"?>
<addon id="plugin.video.psybox.alpha.wizard" name="[COLOR blue]PsyBox[/COLOR] [COLOR white]Entertainment[/COLOR] [COLOR red]Wizard[/COLOR]" version="1.0.0" provider-name="c3pox86">
  <requires>
    <import addon="xbmc.python" version="1.0.0"/>
  </requires>
  <extension point="xbmc.python.pluginsource" library="default.py">
    <provides>executable</provides>
  </extension>
  <extension point="xbmc.addon.metadata">
    <summary lang="de"></summary>
	<description lang="de">https://gitlab.com/c3pox86</description>
		<disclaimer lang="de">Repo findet ihr hier http://ill-electronicx.bplaced.net/PsyBoxTV/</disclaimer>
		<platform>all</platform>
		<website>https://gitlab.com/c3pox86</website>
	</extension>
</addon>
