<?xml version="1.0" encoding="UTF-8" standalone="yes"?>
<addon id="plugin.video.psybox.alpha.wizard" name="[COLOR blue]PsyBox[/COLOR] [COLOR white]Entertainment[/COLOR] [COLOR red]Wizard[/COLOR]" version="1.0.0" provider-name="c3pox86">
  <requires>
    <import addon="xbmc.python" version="2.1.0"/>
  </requires>
  <extension point="xbmc.python.pluginsource" library="default.py">
        <provides>video executable</provides>
  </extension>
  <extension point="xbmc.addon.metadata">
    <summary lang="de">PsyBox Kodi Wizard</summary>
    <description lang="de">PsyBox Entertainment Retrogaming und Streaming Alpha 1.4 version</description>
	<website>https://github.com/psy86/PsyBoxTV</website>
    <platform>all</platform>
  </extension>
</addon>
