<?xml version="1.0" encoding="UTF-8" standalone="yes"?>
<addon id="plugin.video.psytube" name="[COLOR blue]PsyTube[/COLOR] [COLOR red]YouTube[/COLOR] [COLOR white]Chanel[/COLOR]" version="1.0.1" provider-name="Psy86">
  <requires>
    <import addon="xbmc.python" version="2.1.0" />
	<import addon="script.module.beautifulsoup4" version="4.4.1.1"/>
	<import addon="plugin.video.youtube" version="5.3.7"/>
  </requires>
	<extension point="xbmc.python.pluginsource" library="default.py">
		<provides>video</provides>
	</extension>
  <extension point="xbmc.addon.metadata">
    <platform>all</platform>
    <summary>Netzdivision</summary>
    <description>https://www.youtube.com/user/Kev93LP/undefined :
https://www.facebook.com/netzdivision.netzdivision
    </description>
  </extension>
</addon>
