<?xml version="1.0" encoding="UTF-8" standalone="yes"?>
<addon id="script.kodi.loguploader" name="Kodi Logfile Uploader" version="0.5.0" provider-name="Team Kodi">
	<requires>
		<import addon="xbmc.python" version="2.24.0"/>
		<import addon="script.module.kodi-six" version="0.0.4"/>
		<import addon="script.module.pyqrcode" version="0.0.2"/>
		<import addon="script.module.requests" version="2.15.1"/>
	</requires>
	<extension point="xbmc.python.script" library="default.py">
		<provides>executable</provides>
	</extension>
	<extension point="xbmc.addon.metadata">
		<summary lang="en_GB">Uploads your kodi.log file.</summary>
		<description lang="en_GB">Uploads your kodi.log file and returns an url you can post on http://forum.kodi.tv/</description>
		<platform>all</platform>
		<license>GNU GENERAL PUBLIC LICENSE Version 2</license>
		<forum>https://forum.kodi.tv/showthread.php?tid=288153</forum>
		<website>https://kodi.tv/</website>
		<source>https://github.com/XBMC-Addons/script.kodi.loguploader</source>
	</extension>
</addon>
